codigo_departamento,departamento,anio,pib_total_miles_millones_cop,pib_variacion_pct_anual_vs_anio_previo,total_admitidos,total_matriculados,ratio_matriculados_sobre_admitidos,var_pct_matriculados_vs_anio_previo,ipc_nacional_total_var_mensual_media,ipc_nacional_total_var_mensual_mediana,ipc_nacional_total_var_mensual_std,ipc_nacional_educacion_var_mensual_media,ipc_nacional_educacion_var_mensual_mediana,ipc_nacional_educacion_var_mensual_std,ipc_nacional_alimentos_var_mensual_media,ipc_nacional_alimentos_var_mensual_mediana,ipc_nacional_alimentos_var_mensual_std,ipc_nacional_transporte_var_mensual_media,ipc_nacional_transporte_var_mensual_mediana,ipc_nacional_transporte_var_mensual_std,ipc_capital_total_var_mensual_media,ipc_capital_educacion_var_mensual_media,geih_td_nacional_media_anual,geih_to_nacional_media_anual,geih_tgp_nacional_media_anual,proxy_pib_miles_mm_cop_por_matriculado,spadies_td_anual_tyt,spadies_td_anual_tecnico_profesional,spadies_td_anual_tecnologico,outcome_tasa_desercion_snies,indice_vulnerabilidad_pca,indice_vulnerabilidad_teorico,cluster_km,cluster_hierarchical,pc1,pc2,cluster_KMeans
5,Antioquia,2023,231121.9352491228,9.147821323402932,108287.0,496052.0,4.58090075447653,,0.7425,0.52,0.5055712340781194,0.9308333333333332,0.065,2.436112619927432,0.4116666666666666,0.21,0.9865535356927564,1.2066666666666668,1.0750000000000002,1.01850454841965,0.7658333333333335,0.9983333333333334,10.165585191866676,57.6205466251543,64.13746922177585,0.4659227969025883,0.1350012830382345,0.1126046716615249,0.1379530669144981,0.0793060786248017,-0.2913558066044505,-0.0428441566113413,0.0,0.0,-0.2913558066044505,0.6878703112247673,0
8,Atlántico,2023,70861.50241137248,10.881975541851148,53250.0,231610.0,4.349483568075117,,0.7425,0.52,0.5055712340781194,0.9308333333333332,0.065,2.436112619927432,0.4116666666666666,0.21,0.9865535356927564,1.2066666666666668,1.0750000000000002,1.01850454841965,0.8258333333333333,1.0533333333333337,10.165585191866676,57.6205466251543,64.13746922177585,0.3059518259633542,0.1193381706244503,0.1228834059022738,0.1117443868739205,0.0703394054739894,-0.5766670623136722,-0.0657240113958535,0.0,0.0,-0.5766670623136722,0.4421660432605728,0
11,Bogotá D.C.,2023,395437.7893465079,9.18964838761663,786433.0,2525576.0,3.21143187022925,,0.7425,0.52,0.5055712340781194,0.9308333333333332,0.065,2.436112619927432,0.4116666666666666,0.21,0.9865535356927564,1.2066666666666668,1.0750000000000002,1.01850454841965,0.7541666666666668,0.9008333333333334,10.165585191866676,57.6205466251543,64.13746922177585,0.1565733081667342,0.19466004006612,0.235045742434905,0.1546308607799115,0.0949327872421357,-0.6398324423966486,-0.4130201830457363,0.0,0.0,-0.6398324423966486,3.740033527299702,2
13,Bolívar,2023,56924.47009964763,10.875341774405404,30703.0,131582.0,4.285639839755073,,0.7425,0.52,0.5055712340781194,0.9308333333333332,0.065,2.436112619927432,0.4116666666666666,0.21,0.9865535356927564,1.2066666666666668,1.0750000000000002,1.01850454841965,0.7908333333333332,0.7708333333333335,10.165585191866676,57.6205466251543,64.13746922177585,0.4326159360676052,0.0980406764508679,0.1103873842989372,0.0946126023224823,0.0714875030332443,-0.7120310528534106,-0.093694075761452,0.0,0.0,-0.7120310528534106,0.2660439612774704,0
15,Boyacá,2023,42277.21720754343,7.236742697402093,14991.0,88812.0,5.924354612767661,,0.7425,0.52,0.5055712340781194,0.9308333333333332,0.065,2.436112619927432,0.4116666666666666,0.21,0.9865535356927564,1.2066666666666668,1.0750000000000002,1.01850454841965,0.6583333333333334,1.3475,10.165585191866676,57.6205466251543,64.13746922177585,0.4760304599327054,0.1439824143616047,0.1580048831531217,0.1284722222222222,0.0548014855424882,-0.2829989377224651,0.0512245565556459,0.0,0.0,-0.2829989377224651,-0.1511145644226555,0
17,Caldas,2023,26212.674535076098,9.79932272513991,12388.0,68517.0,5.53091701646755,,0.7425,0.52,0.5055712340781194,0.9308333333333332,0.065,2.436112619927432,0.4116666666666666,0.21,0.9865535356927564,1.2066666666666668,1.0750000000000002,1.01850454841965,0.7008333333333333,0.9333333333333336,10.165585191866676,57.6205466251543,64.13746922177585,0.3825718366985726,0.1018393898609241,0.092808356769787,0.1132554596241747,0.0520955451348182,-0.4940385893167899,-0.0153843902649848,0.0,0.0,-0.4940385893167899,0.0807536962010506,0
18,Caquetá,2023,6250.433809661449,11.899218050869822,2754.0,16283.0,5.912490922294844,,0.7425,0.52,0.5055712340781194,0.9308333333333332,0.065,2.436112619927432,0.4116666666666666,0.21,0.9865535356927564,1.2066666666666668,1.0750000000000002,1.01850454841965,0.6766666666666666,1.025,10.165585191866676,57.6205466251543,64.13746922177585,0.3838625443506386,0.1643564356435643,0.5,0.1603206412825651,0.0723388649491152,0.0160249247962284,0.0730645956657419,0.0,0.0,0.0160249247962284,0.3196702446783757,0
19,Cauca,2023,28537.042539022543,9.018873048089995,9091.0,63898.0,7.028709712902871,,0.7425,0.52,0.5055712340781194,0.9308333333333332,0.065,2.436112619927432,0.4116666666666666,0.21,0.9865535356927564,1.2066666666666668,1.0750000000000002,1.01850454841965,0.6466666666666666,0.9258333333333332,10.165585191866676,57.6205466251543,64.13746922177585,0.4466030633043686,0.1074232690935046,0.5,0.1062992125984252,0.0714560245980398,-0.5463923502700575,-0.0226899852155519,0.0,0.0,-0.5463923502700575,-0.024764137606253,0
20,Cesar,2023,34820.880659655246,-11.01852427164112,4409.0,33659.0,7.634157405307326,,0.7425,0.52,0.5055712340781194,0.9308333333333332,0.065,2.436112619927432,0.4116666666666666,0.21,0.9865535356927564,1.2066666666666668,1.0750000000000002,1.01850454841965,0.8508333333333332,0.9525,10.165585191866676,57.6205466251543,64.13746922177585,1.034519167522958,0.2115677321156773,0.3428571428571428,0.2041800643086816,0.0889259005257829,0.8789426982936063,0.4981417120339202,0.0,0.0,0.8789426982936063,-2.1580203750229963,0
23,Córdoba,2023,28303.31904478858,9.872463359985474,8395.0,57277.0,6.822751637879691,,0.7425,0.52,0.5055712340781194,0.9308333333333332,0.065,2.436112619927432,0.4116666666666666,0.21,0.9865535356927564,1.2066666666666668,1.0750000000000002,1.01850454841965,0.835,1.1033333333333333,10.165585191866676,57.6205466251543,64.13746922177585,0.4941480706878604,0.109353507565337,0.1263736263736263,0.0922865013774104,0.0524524856834592,-0.6961143392428454,-0.0715051563651123,0.0,0.0,-0.6961143392428454,0.0392390718082145,0
25,Cundinamarca,2023,99944.84284715296,9.18109900501313,14579.0,62465.0,4.284587420262021,,0.7425,0.52,0.5055712340781194,0.9308333333333332,0.065,2.436112619927432,0.4116666666666666,0.21,0.9865535356927564,1.2066666666666668,1.0750000000000002,1.01850454841965,0.7541666666666668,0.9008333333333334,10.165585191866676,57.6205466251543,64.13746922177585,1.6000134931105894,0.0543025676613462,0.0326615705350938,0.0615028901734104,0.0698302981966414,-0.7603558561763816,-0.2106909503326329,0.0,0.0,-0.7603558561763816,-0.0600437231240667,0
27,Chocó,2023,6891.326024081319,12.828840794814669,5814.0,35114.0,6.039559683522532,,0.7425,0.52,0.5055712340781194,0.9308333333333332,0.065,2.436112619927432,0.4116666666666666,0.21,0.9865535356927564,1.2066666666666668,1.0750000000000002,1.01850454841965,,,10.165585191866676,57.6205466251543,64.13746922177585,0.1962557960950424,0.0765432098765432,0.0629921259842519,0.0993377483443708,0.0633684634490165,-0.7150173211669898,-0.0772617508734146,0.0,0.0,-0.7150173211669898,0.3461268477913015,0
41,Huila,2023,26533.032811661746,8.313363431410867,6657.0,40414.0,6.070902809073156,,0.7425,0.52,0.5055712340781194,0.9308333333333332,0.065,2.436112619927432,0.4116666666666666,0.21,0.9865535356927564,1.2066666666666668,1.0750000000000002,1.01850454841965,0.6533333333333333,0.8525,10.165585191866676,57.6205466251543,64.13746922177585,0.6565307272643575,0.127576054955839,0.1654571843251088,0.1082283172720533,0.0788555224314695,-0.4617942453073119,-0.0162625030385343,0.0,0.0,-0.4617942453073119,-0.1319139192704596,0
44,La Guajira,2023,20346.021143398808,-11.075340728499542,5365.0,32777.0,6.109412861136999,,0.7425,0.52,0.5055712340781194,0.9308333333333332,0.065,2.436112619927432,0.4116666666666666,0.21,0.9865535356927564,1.2066666666666668,1.0750000000000002,1.01850454841965,0.7516666666666666,0.91,10.165585191866676,57.6205466251543,64.13746922177585,0.6207407982243283,0.1588618850029638,0.1641061452513966,0.1294117647058823,0.0900986730180333,-0.0449699538639651,0.3509286624183498,0.0,0.0,-0.0449699538639651,-2.3004357339960886,0
47,Magdalena,2023,21913.945364290445,9.253244993854189,11928.0,68486.0,5.741616364855801,,0.7425,0.52,0.5055712340781194,0.9308333333333332,0.065,2.436112619927432,0.4116666666666666,0.21,0.9865535356927564,1.2066666666666668,1.0750000000000002,1.01850454841965,0.8383333333333334,0.9808333333333332,10.165585191866676,57.6205466251543,64.13746922177585,0.3199770079182671,0.1594809543742151,0.1070961412688031,0.2526162790697674,0.0469194471403232,1.0317321523624312,0.3274998476644006,0.0,0.0,1.0317321523624312,0.2526136271315853,0
50,Meta,2023,53796.70492802196,-3.39280010581859,3453.0,19628.0,5.684332464523603,,0.7425,0.52,0.5055712340781194,0.9308333333333332,0.065,2.436112619927432,0.4116666666666666,0.21,0.9865535356927564,1.2066666666666668,1.0750000000000002,1.01850454841965,0.5808333333333333,0.7941666666666666,10.165585191866676,57.6205466251543,64.13746922177585,2.7408143941319523,0.1274285714285714,0.0748959778085991,0.1642371234207968,0.0915567801613855,0.7826631862414899,0.1656162514694933,0.0,0.0,0.7826631862414899,-1.3485473359351277,0
52,Nariño,2023,23455.45084472392,8.65424916145797,8843.0,64288.0,7.269931018884994,,0.7425,0.52,0.5055712340781194,0.9308333333333332,0.065,2.436112619927432,0.4116666666666666,0.21,0.9865535356927564,1.2066666666666668,1.0750000000000002,1.01850454841965,0.7041666666666667,0.8983333333333334,10.165585191866676,57.6205466251543,64.13746922177585,0.3648495962656159,0.1030013642564802,0.2142857142857142,0.0937961595273264,0.0591731492002447,-0.70058536581166,-0.040821206358095,0.0,0.0,-0.70058536581166,-0.0881903208365739,0
54,Norte de Santander,2023,25300.805061019302,8.461844039827046,14603.0,96678.0,6.6204204615489965,,0.7425,0.52,0.5055712340781194,0.9308333333333332,0.065,2.436112619927432,0.4116666666666666,0.21,0.9865535356927564,1.2066666666666668,1.0750000000000002,1.01850454841965,0.75,0.9616666666666668,10.165585191866676,57.6205466251543,64.13746922177585,0.2617017838703666,0.11630990717939,0.1158878504672897,0.1163575042158516,0.0526737914302327,-0.4824959513511476,0.0159254940128672,0.0,0.0,-0.4824959513511476,-0.0257675751180776,0
63,Quindío,2023,13317.0405703164,9.721753396935798,7502.0,43046.0,5.7379365502532655,,0.7425,0.52,0.5055712340781194,0.9308333333333332,0.065,2.436112619927432,0.4116666666666666,0.21,0.9865535356927564,1.2066666666666668,1.0750000000000002,1.01850454841965,0.6916666666666665,1.0641666666666667,10.165585191866676,57.6205466251543,64.13746922177585,0.3093676664571946,0.1006993006993007,0.1148936170212766,0.0979079497907949,0.0765935681861773,-0.6744950437627559,-0.039986707161049,0.0,0.0,-0.6744950437627559,0.0066093234217282,0
66,Risaralda,2023,26404.083424074124,10.571378984821903,15977.0,62758.0,3.928021530950742,,0.7425,0.52,0.5055712340781194,0.9308333333333332,0.065,2.436112619927432,0.4116666666666666,0.21,0.9865535356927564,1.2066666666666668,1.0750000000000002,1.01850454841965,0.6808333333333333,1.106666666666667,10.165585191866676,57.6205466251543,64.13746922177585,0.4207285672595386,0.1122178988326848,0.1233737101839389,0.1062917063870352,0.073163910930891,-0.5677664358757812,-0.0457391694409016,0.0,0.0,-0.5677664358757812,0.148512021654695,0
68,Santander,2023,101446.0094262661,9.057720826037771,44151.0,199944.0,4.52864034789699,,0.7425,0.52,0.5055712340781194,0.9308333333333332,0.065,2.436112619927432,0.4116666666666666,0.21,0.9865535356927564,1.2066666666666668,1.0750000000000002,1.01850454841965,0.7191666666666667,0.9333333333333336,10.165585191866676,57.6205466251543,64.13746922177585,0.5073721113225008,0.1495235480961531,0.1157528285465622,0.1511169513797634,0.0780208249253369,-0.0687169328106812,0.0496791764474851,0.0,0.0,-0.0687169328106812,0.2592808910937988,0
70,Sucre,2023,12704.591275413051,10.24044112545752,7070.0,39171.0,5.54045261669024,,0.7425,0.52,0.5055712340781194,0.9308333333333332,0.065,2.436112619927432,0.4116666666666666,0.21,0.9865535356927564,1.2066666666666668,1.0750000000000002,1.01850454841965,0.7366666666666667,0.8616666666666667,10.165585191866676,57.6205466251543,64.13746922177585,0.3243366591461298,0.1066916237716424,0.085812356979405,0.1211401425178147,0.0828115437126312,-0.4190705629689396,0.0063969149216875,0.0,0.0,-0.4190705629689396,0.0989549777794628,0
73,Tolima,2023,33735.23196416392,8.947967012157017,11462.0,69688.0,6.079916244983424,,0.7425,0.52,0.5055712340781194,0.9308333333333332,0.065,2.436112619927432,0.4116666666666666,0.21,0.9865535356927564,1.2066666666666668,1.0750000000000002,1.01850454841965,0.6275000000000001,0.8616666666666665,10.165585191866676,57.6205466251543,64.13746922177585,0.4840895414442073,0.0994490358126721,0.0816528272044286,0.1403269754768392,0.1031123435618637,-0.1629087998297378,0.0551489157009713,0.0,0.0,-0.1629087998297378,0.0340005495641264,0
76,Valle del Cauca,2023,153563.85834784718,9.020096267890876,53959.0,270859.0,5.019718675290498,,0.7425,0.52,0.5055712340781194,0.9308333333333332,0.065,2.436112619927432,0.4116666666666666,0.21,0.9865535356927564,1.2066666666666668,1.0750000000000002,1.01850454841965,0.6991666666666667,1.0291666666666666,10.165585191866676,57.6205466251543,64.13746922177585,0.5669512859009566,0.1352746705312259,0.1685258486266043,0.1151047729918509,0.0636316036045966,-0.4666129267491362,-0.0540741829308703,0.0,0.0,-0.4666129267491362,0.3012805023004359,0
81,Arauca,2023,8743.02613187126,-1.889357220271076,,,,,0.7425,0.52,0.5055712340781194,0.9308333333333332,0.065,2.436112619927432,0.4116666666666666,0.21,0.9865535356927564,1.2066666666666668,1.0750000000000002,1.01850454841965,,,10.165585191866676,57.6205466251543,64.13746922177585,,0.074074074074074,,0.074074074074074,0.0824175824175824,,0.0,,,,,0
85,Casanare,2023,23082.344018465534,-0.1729051276253428,846.0,5269.0,6.228132387706856,,0.7425,0.52,0.5055712340781194,0.9308333333333332,0.065,2.436112619927432,0.4116666666666666,0.21,0.9865535356927564,1.2066666666666668,1.0750000000000002,1.01850454841965,,,10.165585191866676,57.6205466251543,64.13746922177585,4.380782694717316,0.0765606595995288,0.0632530120481927,0.1243243243243243,0.0819721264798441,0.713900426358707,-0.0910654813533155,0.0,0.0,0.713900426358707,-1.0390216628726838,0
86,Putumayo,2023,5833.51024399328,2.6408083014146064,680.0,4722.0,6.944117647058824,,0.7425,0.52,0.5055712340781194,0.9308333333333332,0.065,2.436112619927432,0.4116666666666666,0.21,0.9865535356927564,1.2066666666666668,1.0750000000000002,1.01850454841965,,,10.165585191866676,57.6205466251543,64.13746922177585,1.2353897170676154,0.1356515093618647,0.2307692307692307,0.1351766513056835,0.1130268199233716,0.0398767179891267,0.10663886811163,0.0,0.0,0.0398767179891267,-0.7689734920219786,0
88,"San Andrés, Providencia y Santa Catalina (Archipiélago)",2023,2285.649865430926,8.167646251919294,143.0,548.0,3.832167832167832,,0.7425,0.52,0.5055712340781194,0.9308333333333332,0.065,2.436112619927432,0.4116666666666666,0.21,0.9865535356927564,1.2066666666666668,1.0750000000000002,1.01850454841965,,,10.165585191866676,57.6205466251543,64.13746922177585,4.170893915019938,0.184652278177458,0.184652278177458,,0.1142857142857142,,0.0,,,,,0
91,Amazonas,2023,1212.823072224872,12.44839098108597,45.0,79.0,1.7555555555555555,,0.7425,0.52,0.5055712340781194,0.9308333333333332,0.065,2.436112619927432,0.4116666666666666,0.21,0.9865535356927564,1.2066666666666668,1.0750000000000002,1.01850454841965,,,10.165585191866676,57.6205466251543,64.13746922177585,15.352190787656609,0.0701754385964912,0.0,0.4,0.2092198581560283,6.301079870353237,-0.3995010848533759,1.0,1.0,6.301079870353237,1.0736372437396724,0
94,Guainía,2023,554.7227336172439,10.801329379001215,,,,,0.7425,0.52,0.5055712340781194,0.9308333333333332,0.065,2.436112619927432,0.4116666666666666,0.21,0.9865535356927564,1.2066666666666668,1.0750000000000002,1.01850454841965,,,10.165585191866676,57.6205466251543,64.13746922177585,,0.0,,0.0,0.1309090909090909,,0.0,,,,,0
95,Guaviare,2023,1265.9440026695845,10.311941412664256,,,,,0.7425,0.52,0.5055712340781194,0.9308333333333332,0.065,2.436112619927432,0.4116666666666666,0.21,0.9865535356927564,1.2066666666666668,1.0750000000000002,1.01850454841965,,,10.165585191866676,57.6205466251543,64.13746922177585,,0.2222222222222222,,0.2222222222222222,0.1143790849673202,,0.0,,,,,0
97,Vaupés,2023,426.9435138402957,12.66799710940227,,,,,0.7425,0.52,0.5055712340781194,0.9308333333333332,0.065,2.436112619927432,0.4116666666666666,0.21,0.9865535356927564,1.2066666666666668,1.0750000000000002,1.01850454841965,,,10.165585191866676,57.6205466251543,64.13746922177585,,,,,0.2625,,0.0,,,,,0
99,Vichada,2023,1056.8274830574946,9.28953508527519,,,,,0.7425,0.52,0.5055712340781194,0.9308333333333332,0.065,2.436112619927432,0.4116666666666666,0.21,0.9865535356927564,1.2066666666666668,1.0750000000000002,1.01850454841965,,,10.165585191866676,57.6205466251543,64.13746922177585,,0.3333333333333333,,0.3333333333333333,0.1468926553672316,,0.0,,,,,0
5,Antioquia,2024,253232.37990946395,9.566571271787188,127658.0,507852.0,3.978223064751132,2.378782869537871,0.53125,0.51,0.3668568229860644,1.0675,0.0,3.1022422766214026,0.40875,0.495,0.5278105044155795,0.5349999999999999,0.16,0.7349829930005183,0.5325,1.065,10.164814606646042,57.4140277385923,63.90873639230293,0.4986342082131486,,,,,,0.0,,,,,1
8,Atlántico,2024,76818.38692492909,8.406376256285238,53865.0,232917.0,4.324087997772208,0.5643106947023013,0.53125,0.51,0.3668568229860644,1.0675,0.0,3.1022422766214026,0.40875,0.495,0.5278105044155795,0.5349999999999999,0.16,0.7349829930005183,0.43875,1.2837500000000002,10.164814606646042,57.4140277385923,63.90873639230293,0.3298101337597903,,,,,,0.0,,,,,1
11,Bogotá D.C.,2024,430151.0411388668,8.778435629464058,817099.0,2672678.0,3.270935345655789,5.824493105731128,0.53125,0.51,0.3668568229860644,1.0675,0.0,3.1022422766214026,0.40875,0.495,0.5278105044155795,0.5349999999999999,0.16,0.7349829930005183,0.58125,1.04125,10.164814606646042,57.4140277385923,63.90873639230293,0.1609438327920036,,,,,,0.0,,,,,2
13,Bolívar,2024,61184.85052780749,7.484268928111162,31453.0,134401.0,4.273074110577688,2.1423902965451203,0.53125,0.51,0.3668568229860644,1.0675,0.0,3.1022422766214026,0.40875,0.495,0.5278105044155795,0.5349999999999999,0.16,0.7349829930005183,0.5,1.41875,10.164814606646042,57.4140277385923,63.90873639230293,0.4552410363599042,,,,,,0.0,,,,,1
15,Boyacá,2024,45232.48829017505,6.990221395424112,16525.0,92096.0,5.573131618759455,3.6976985092104666,0.53125,0.51,0.3668568229860644,1.0675,0.0,3.1022422766214026,0.40875,0.495,0.5278105044155795,0.5349999999999999,0.16,0.7349829930005183,0.49375,0.7600000000000001,10.164814606646042,57.4140277385923,63.90873639230293,0.4911449823029779,,,,,,0.0,,,,,1
17,Caldas,2024,28821.000529787543,9.950629002855674,14980.0,71422.0,4.767823765020027,4.239823693389962,0.53125,0.51,0.3668568229860644,1.0675,0.0,3.1022422766214026,0.40875,0.495,0.5278105044155795,0.5349999999999999,0.16,0.7349829930005183,0.47375,1.2675,10.164814606646042,57.4140277385923,63.90873639230293,0.4035311322811954,,,,,,0.0,,,,,1
18,Caquetá,2024,6831.025788023121,9.288826920528884,3160.0,15768.0,4.989873417721519,-3.162807836393785,0.53125,0.51,0.3668568229860644,1.0675,0.0,3.1022422766214026,0.40875,0.495,0.5278105044155795,0.5349999999999999,0.16,0.7349829930005183,0.61,0.93375,10.164814606646042,57.4140277385923,63.90873639230293,0.4332208135478894,,,,,,0.0,,,,,1
19,Cauca,2024,31102.85861244642,8.991177238900237,9268.0,64200.0,6.927060854553302,0.4726282512754702,0.53125,0.51,0.3668568229860644,1.0675,0.0,3.1022422766214026,0.40875,0.495,0.5278105044155795,0.5349999999999999,0.16,0.7349829930005183,0.52375,0.8312499999999999,10.164814606646042,57.4140277385923,63.90873639230293,0.4844682026860813,,,,,,0.0,,,,,1
20,Cesar,2024,31092.17552900469,-10.70824476582172,6278.0,34785.0,5.540777317617075,3.345316260138447,0.53125,0.51,0.3668568229860644,1.0675,0.0,3.1022422766214026,0.40875,0.495,0.5278105044155795,0.5349999999999999,0.16,0.7349829930005183,0.485,1.39625,10.164814606646042,57.4140277385923,63.90873639230293,0.8938385950554747,,,,,,0.0,,,,,1
23,Córdoba,2024,30952.49332747908,9.359942127276009,7851.0,56750.0,7.228378550503121,-0.920090088517206,0.53125,0.51,0.3668568229860644,1.0675,0.0,3.1022422766214026,0.40875,0.495,0.5278105044155795,0.5349999999999999,0.16,0.7349829930005183,0.48,1.44875,10.164814606646042,57.4140277385923,63.90873639230293,0.545418384625182,,,,,,0.0,,,,,1
25,Cundinamarca,2024,108202.14121728326,8.261855374327121,15034.0,60397.0,4.017360649195157,-3.310653966221084,0.53125,0.51,0.3668568229860644,1.0675,0.0,3.1022422766214026,0.40875,0.495,0.5278105044155795,0.5349999999999999,0.16,0.7349829930005183,0.58125,1.04125,10.164814606646042,57.4140277385923,63.90873639230293,1.7915151616352345,,,,,,0.0,,,,,1
27,Chocó,2024,7581.945750789458,10.021579653825857,6003.0,35640.0,5.937031484257871,1.4979780144671642,0.53125,0.51,0.3668568229860644,1.0675,0.0,3.1022422766214026,0.40875,0.495,0.5278105044155795,0.5349999999999999,0.16,0.7349829930005183,,,10.164814606646042,57.4140277385923,63.90873639230293,0.2127369739278748,,,,,,0.0,,,,,1
41,Huila,2024,29310.00901681625,10.466109264124428,6650.0,39684.0,5.967518796992481,-1.8063047458801404,0.53125,0.51,0.3668568229860644,1.0675,0.0,3.1022422766214026,0.40875,0.495,0.5278105044155795,0.5349999999999999,0.16,0.7349829930005183,0.45875,1.34375,10.164814606646042,57.4140277385923,63.90873639230293,0.738585047294029,,,,,,0.0,,,,,1
44,La Guajira,2024,17617.635117454578,-13.409924263395572,6492.0,35311.0,5.439155884165126,7.731030905818104,0.53125,0.51,0.3668568229860644,1.0675,0.0,3.1022422766214026,0.40875,0.495,0.5278105044155795,0.5349999999999999,0.16,0.7349829930005183,0.49,1.40375,10.164814606646042,57.4140277385923,63.90873639230293,0.4989276745902007,,,,,,0.0,,,,,1
47,Magdalena,2024,24025.85173466969,9.637271314095145,15632.0,73440.0,4.698055271238485,7.233595187337557,0.53125,0.51,0.3668568229860644,1.0675,0.0,3.1022422766214026,0.40875,0.495,0.5278105044155795,0.5349999999999999,0.16,0.7349829930005183,0.2475,1.49375,10.164814606646042,57.4140277385923,63.90873639230293,0.3271493972585742,,,,,,0.0,,,,,1
50,Meta,2024,54796.74226120616,1.858919304671563,3579.0,20217.0,5.648784576697402,3.0008151620134504,0.53125,0.51,0.3668568229860644,1.0675,0.0,3.1022422766214026,0.40875,0.495,0.5278105044155795,0.5349999999999999,0.16,0.7349829930005183,0.4075,1.2975,10.164814606646042,57.4140277385923,63.90873639230293,2.7104289588567125,,,,,,0.0,,,,,1
52,Nariño,2024,25834.937958134786,10.14470849084578,9084.0,62896.0,6.923822104799648,-2.165256346441016,0.53125,0.51,0.3668568229860644,1.0675,0.0,3.1022422766214026,0.40875,0.495,0.5278105044155795,0.5349999999999999,0.16,0.7349829930005183,0.42,1.23,10.164814606646042,57.4140277385923,63.90873639230293,0.4107564544348572,,,,,,0.0,,,,,1
54,Norte de Santander,2024,27388.67821535073,8.252200470680647,16882.0,99003.0,5.864411799549816,2.4048904611183515,0.53125,0.51,0.3668568229860644,1.0675,0.0,3.1022422766214026,0.40875,0.495,0.5278105044155795,0.5349999999999999,0.16,0.7349829930005183,0.53375,1.50375,10.164814606646042,57.4140277385923,63.90873639230293,0.2766449321268116,,,,,,0.0,,,,,1
63,Quindío,2024,14586.944459146682,9.535931666836609,7804.0,43751.0,5.606227575602255,1.637782836965107,0.53125,0.51,0.3668568229860644,1.0675,0.0,3.1022422766214026,0.40875,0.495,0.5278105044155795,0.5349999999999999,0.16,0.7349829930005183,0.53125,1.52625,10.164814606646042,57.4140277385923,63.90873639230293,0.3334082525918649,,,,,,0.0,,,,,1
66,Risaralda,2024,28675.31464744345,8.601818085828805,15755.0,63733.0,4.045255474452555,1.5535867937155423,0.53125,0.51,0.3668568229860644,1.0675,0.0,3.1022422766214026,0.40875,0.495,0.5278105044155795,0.5349999999999999,0.16,0.7349829930005183,0.6,1.37375,10.164814606646042,57.4140277385923,63.90873639230293,0.4499288382383296,,,,,,0.0,,,,,1
68,Santander,2024,109532.22088471026,7.970950759104478,47671.0,205746.0,4.31595729059596,2.9018125075021004,0.53125,0.51,0.3668568229860644,1.0675,0.0,3.1022422766214026,0.40875,0.495,0.5278105044155795,0.5349999999999999,0.16,0.7349829930005183,0.6087499999999999,1.32,10.164814606646042,57.4140277385923,63.90873639230293,0.5323662228413202,,,,,,0.0,,,,,1
70,Sucre,2024,13769.537650597222,8.382374151974023,7530.0,37706.0,5.007436918990704,-3.740011743381584,0.53125,0.51,0.3668568229860644,1.0675,0.0,3.1022422766214026,0.40875,0.495,0.5278105044155795,0.5349999999999999,0.16,0.7349829930005183,0.59125,1.16125,10.164814606646042,57.4140277385923,63.90873639230293,0.365181606391482,,,,,,0.0,,,,,1
73,Tolima,2024,37045.67700419287,9.813019941720134,14462.0,70807.0,4.896072465772369,1.605728389392722,0.53125,0.51,0.3668568229860644,1.0675,0.0,3.1022422766214026,0.40875,0.495,0.5278105044155795,0.5349999999999999,0.16,0.7349829930005183,0.47375,1.2212500000000002,10.164814606646042,57.4140277385923,63.90873639230293,0.5231922974309442,,,,,,0.0,,,,,1
76,Valle del Cauca,2024,166348.6859596582,8.325414423263124,62944.0,283994.0,4.511851804778851,4.84938658121015,0.53125,0.51,0.3668568229860644,1.0675,0.0,3.1022422766214026,0.40875,0.495,0.5278105044155795,0.5349999999999999,0.16,0.7349829930005183,0.47625,0.4249999999999999,10.164814606646042,57.4140277385923,63.90873639230293,0.5857471846576273,,,,,,0.0,,,,,1
81,Arauca,2024,9209.354822332434,5.333721796406964,,,,,0.53125,0.51,0.3668568229860644,1.0675,0.0,3.1022422766214026,0.40875,0.495,0.5278105044155795,0.5349999999999999,0.16,0.7349829930005183,,,10.164814606646042,57.4140277385923,63.90873639230293,,,,,,,0.0,,,,,1
85,Casanare,2024,23585.58900097814,2.180216108511412,1196.0,6209.0,5.191471571906354,17.840197380907195,0.53125,0.51,0.3668568229860644,1.0675,0.0,3.1022422766214026,0.40875,0.495,0.5278105044155795,0.5349999999999999,0.16,0.7349829930005183,,,10.164814606646042,57.4140277385923,63.90873639230293,3.798613142370452,,,,,,0.0,,,,,1
86,Putumayo,2024,6091.238784725085,4.418069566213346,772.0,4490.0,5.816062176165803,-4.913172384582804,0.53125,0.51,0.3668568229860644,1.0675,0.0,3.1022422766214026,0.40875,0.495,0.5278105044155795,0.5349999999999999,0.16,0.7349829930005183,,,10.164814606646042,57.4140277385923,63.90873639230293,1.3566233373552528,,,,,,0.0,,,,,1
88,"San Andrés, Providencia y Santa Catalina (Archipiélago)",2024,2454.45386935717,7.385383320485885,200.0,669.0,3.345,22.08029197080292,0.53125,0.51,0.3668568229860644,1.0675,0.0,3.1022422766214026,0.40875,0.495,0.5278105044155795,0.5349999999999999,0.16,0.7349829930005183,,,10.164814606646042,57.4140277385923,63.90873639230293,3.66883986450997,,,,,,0.0,,,,,1
91,Amazonas,2024,1330.5588016900433,9.707576658249923,7.0,71.0,10.142857142857142,-10.126582278481012,0.53125,0.51,0.3668568229860644,1.0675,0.0,3.1022422766214026,0.40875,0.495,0.5278105044155795,0.5349999999999999,0.16,0.7349829930005183,,,10.164814606646042,57.4140277385923,63.90873639230293,18.74026481253582,,,,,,0.0,,,,,1
94,Guainía,2024,605.4667842883943,9.147642163546797,,,,,0.53125,0.51,0.3668568229860644,1.0675,0.0,3.1022422766214026,0.40875,0.495,0.5278105044155795,0.5349999999999999,0.16,0.7349829930005183,,,10.164814606646042,57.4140277385923,63.90873639230293,,,,,,,0.0,,,,,1
95,Guaviare,2024,1396.4228351461982,10.306840760844386,,,,,0.53125,0.51,0.3668568229860644,1.0675,0.0,3.1022422766214026,0.40875,0.495,0.5278105044155795,0.5349999999999999,0.16,0.7349829930005183,,,10.164814606646042,57.4140277385923,63.90873639230293,,,,,,,0.0,,,,,1
97,Vaupés,2024,471.8920343556026,10.527978305842236,,,,,0.53125,0.51,0.3668568229860644,1.0675,0.0,3.1022422766214026,0.40875,0.495,0.5278105044155795,0.5349999999999999,0.16,0.7349829930005183,,,10.164814606646042,57.4140277385923,63.90873639230293,,,,,,,0.0,,,,,1
99,Vichada,2024,1167.185810716704,10.44241651815612,,,,,0.53125,0.51,0.3668568229860644,1.0675,0.0,3.1022422766214026,0.40875,0.495,0.5278105044155795,0.5349999999999999,0.16,0.7349829930005183,,,10.164814606646042,57.4140277385923,63.90873639230293,,,,,,,0.0,,,,,1
